"id_prompts","answers"
1,"
¡Buenos días! ¡Claro que sí! Estoy aquí para ayudarte en lo que necesites. Por favor, proporciona más detalles sobre el tema o la tarea que te gustaría hablar o hacer, y estaré encantado de ayudarte en lo que pueda."
2,"
La capital de Francia es París."
3,"
¡Por supuesto! Argentina es un país fascinante con una gran variedad de lugares únicos para visitar. Aquí te presento algunas opciones:

1. Buenos Aires: La capital de Argentina es una ciudad emocionante que ofrece una mezcla única de historia, cultura y vida nocturna. Visita el barrio de La Boca, el Teatro Colón, la Plaza de Mayo y el Museo Nacional de Bellas Artes.
2. Iguazú Falls: Si te interesa la naturaleza, Iguazú Falls es un lugar impresionante que no puedes perderte. Las cataratas del río Paraná son una de las Seven Wonders of the World y ofrecen una experiencia única para los amantes de la aventura.
3. Patagonia: La región de Patagonia es un paraíso para los amantes de la naturaleza y el senderismo. Puedes caminar por los glaciares, visitar la ciudad de Bariloche o disfrutar de la vista del lago Escondido.
4. Mendoza: Si te interesa la viticultura, Mendoza es el lugar perfecto para ti. Visita las casas de vino y disfruta de una degustación de sus famosos vinos. También puedes hacer senderismo en las montañas cercanas o visitar la ciudad de San Rafael.
5. Tierra del Fuego: Si te interesa la fauna antártica, Tierra del Fuego es un lugar impresionante para observar los elefantes marinos, lobos marinos y pinguinos. También puedes visitar el Parque Nacional Torres del Paine.
6. Bariloche: La ciudad de Bariloche es un paradiso para los amantes de la naturaleza y la aventura. Puedes hacer senderismo, practicar deportes acuáticos o disfrutar de la vista del lago Nahuel Huapi.
7. Salta: La ciudad de Salta es conocida por su rica cultura indígena y su paisaje impresionante. Visita el Alto Valle del Rio Jurí, el Monasterio de San Francisco y la Plaza 9 de Julio.
8. Ushuaia: Si te interesa la aventura y la naturaleza, Ushuaia es un lugar perfecto para ti. Puedes hacer senderismo, practicar deportes acuáticos o disfrutar de la vista del océano Atlántico.
9. Córdoba: La ciudad de Córdoba es conocida por su historia y su gastronomía. Visita el Barrio Escolar, el Museo Arqueológico y la Plaza San Martín.
10. Mar del Plata: Si te interesa la playa y el mar, Mar del Plata es un lugar perfecto para disfrutar de una estancia relajada. Puedes practicar deportes acuáticos, visitar el Museo Naval y disfrutar de la vista del océano Atlántico.

Estos son solo algunos de los muchos lugares únicos que puedes visitar en Argentina. ¡Espero que disfrutes de tu viaje!"
4,"
Inteligencia Artificial (IA) es el campo de estudio que se enfoca en la creación de sistemas capaces de realizar tareas y decisiones como los seres humanos. La IA utiliza algoritmos y técnicas de aprendizaje automático para procesar información, analizar datos y tomar decisiones basadas en ese análisis.

La IA se ha expandido a partir de la computación clásica, que simplemente automatizaba tareas repetitivas. Ahora, gracias a técnicas de aprendizaje automático y aprendizaje profundo, los sistemas de IA pueden aprender de los datos y mejorar su rendimiento con el tiempo.

La IA se utiliza en diversas áreas como la robótica, el procesamiento del lenguaje natural, la visión artificial, el juego y la toma de decisiones. Algunos ejemplos de aplicaciones de la IA son:

* Sistemas de recomendación de películas o música basados en el historial de visualización o escucha de un usuario.
* Asistentes virtuales como Siri, Alexa o Google Assistant que pueden responder a preguntas y realizar tareas según las instrucciones del usuario.
* Robots industriales que pueden aprender a realizar tareas específicas a través de la retroalimentación.

Aunque la IA tiene el potencial de mejorar la eficiencia y la productividad en muchos campos, también plantea cuestiones éticas y sociales importantes como la privacidad, la seguridad y la pérdida de empleos. Es importante abordar estas cuestiones de manera adecuada para maximizar los beneficios de la IA mientras minimizamos sus riesgos."
5,"
Sure! Here is the translation of the text in English:

""The 'Martian Chronicles' by Ray Bradbury is a collection of stories that explore human colonization on Mars. With poetic and visionary prose, Bradbury weaves emotive tales about loneliness, nostalgia, and the human condition through imaginative encounters between colonizers and Martians. Each story reveals the fragility of existence and the quest for meaning in an alien world, while reflecting parallels with the human condition on Earth. This masterpiece of science fiction captivates with its evocative style and ability to transcend technology, delving deep into the human psyche."""
6,"
El aire es libre, la brisa del mar
Una sensación de éxtasis, una breeze del sol
La libertad es como un ala que nos lleva
A través del tiempo y el espacio, sin cesar

Es el derecho a elegir, el privilegio de soñar
De vivir cada día con la ilusión de más
La capacidad de decisión, de seguir nuestro camino
Y encontrar el goce en la libertad que nos rodea

Es el alivio de la opresión, la escapada del yugo
Un momento de pureza, donde el alma se desata
La liberación de la mente, de los límites y las cadenas
El derecho a ser nuestros propios dueños, sin límites ni banderas

La libertad es como un jardín que nos rodea
Donde florecen las almas, libres y sin temor
Un refugio de paz, de tranquilidad y de amor
Una bendición que nos da derecho a soñar más

Es el regalo del destino, la herencia de los ancestros
Un presente que nos da derecho a seguir adelante
La libertad es nuestra, no podemos perderla
Nuestra responsabilidad es cuidarla y defendela con firmeza."
7,"Título: ""The Audition""

Act 1:

The scene opens on a small, cramped music room in a local community center. A group of hopefuls are seated nervously in front of a panel of judges, waiting for their turn to audition for a spot in the town's annual talent show. The judges, a stuffy old man and a bubbly young woman, are busy scribbling notes on their clipboards.

As the first contestant takes the stage, the audience is treated to a rendition of ""Twinkle, Twinkle, Little Star"" on a kazoo. The judges look unimpressed, and the audience begins to snicker.

Next up is a young man who plays a haunting melody on his harmonica. The judges nod politely, but it's clear they're not impressed.

Act 2:

Just as the audience is starting to lose interest, a third contestant takes the stage. She's an eccentric old lady with a bright pink wig and a sequined jumpsuit. She begins to sing a bawdy tune with great enthusiasm, but it quickly becomes clear that her voice is not exactly what you would call ""talented"".

The judges look at each other in disbelief, and the audience erupts into laughter. Despite the lady's questionable singing abilities, she seems to be having the time of her life on stage.

Act 3:

As the auditions continue, a fourth contestant takes the stage. He's a shy young man with a guitar, and he begins to play a slow, melancholy tune. The judges seem uninterested at first, but as the young man continues to play, his music gradually grows on them.

Suddenly, the old man slams down his clipboard in excitement. ""This one's got potential!"" he exclaims. The bubbly young woman nods in agreement, and the audience cheers.

Act 4:

The scene ends with the judges announcing the winner of the auditions: the eccentric old lady with the questionable singing voice. As she takes the stage to accept her prize, the audience can't help but laugh at the absurdity of it all. Despite not being the most talented singer, she seems genuinely thrilled to have won, and the audience is left feeling entertained and satisfied with the unexpected twist.

Fade to black."
8,"```
print(""Hola, mundo!"")
```
Este código utiliza la función `print()` para imprimir el texto ""Hola, mundo!"" en la consola. La función `print()` es una built-in de Python que permite imprimir diferentes tipos de objetos en la consola. En este caso, estamos imprimiendo un mensaje simplemente utilizando el símbolo `print()`.

Aquí tienes un ejemplo completo de código en Python que imprime ""Hola, mundo!"" en la consola:
```
print(""Hola, mundo!"")
```
Si quieres ver el resultado inmediato, puedes ejecutar este código directamente en una interpretación de Python o en un entorno de desarrollo integrado (IDE) como PyCharm o VSCode. Si no tienes un entorno de desarrollo integrado, también puedes ejecutar este código directamente en la línea de comandos o en un terminal utilizando el interpreter de Python instalado en tu sistema."
9,"
 ¡Claro! Para analizar este conjunto de datos utilizando Pandas, primero necesitamos importar el módulo `pandas` y cargar los datos en una DataFrame. Aquí te muestro un ejemplo de cómo hacerlo:
```
import pandas as pd

# Cargar los datos en una DataFrame
df = pd.read_csv('datos.csv')
```
Una vez que tenemos la DataFrame, podemos utilizar various funciones de Pandas para analizar y visualizar los datos. En este caso, vamos a generar un gráfico de barras que muestra la relación entre la edad y el salario en el conjunto de datos.
```
# Generar un gráfico de barras con la relación entre la edad y el salario
df.plot(kind='bar', x='edad', y='salario')
```
Este comando generará un gráfico de barras que muestra la relación entre la edad y el salario en el conjunto de datos. La función `plot()` toma dos parámetros: `kind`, que especifica el tipo de gráfico que se desea generar (en este caso, `bar` para un gráfico de barras), y `x` y `y`, que especifican los valores del eje x y y respectivamente.

Para personalizar el gráfico, podemos utilizar diferentes argumentos en la función `plot()`. Por ejemplo, podemos especificar el título del gráfico con el siguiente código:
```
df.plot(kind='bar', x='edad', y='salario', title='Relación entre edad y salario')
```
También podemos agregar etiquetas al eje x y y, utilizando los argumentos `xlabel` y `ylabel`. Por ejemplo:
```
df.plot(kind='bar', x='edad', y='salario', title='Relación entre edad y salario', xlabel='Edad', ylabel='Salario')
```
Espero que esto te haya ayudado a generar un gráfico de barras utilizando Pandas. ¡Si tienes alguna pregunta más, no dudes en preguntar!"
10,"
Puedes crear una función en PySpark utilizando la clase `pyspark.functions.Functions` y el método `createMethod`. Aquí te muestro un ejemplo de cómo podrías hacerlo:
```
from pyspark.functions import mean, Column, Method

class Mean(Method):
    """"""Calcula la media de un campo en un conjunto de datos""""""
    @staticmethod
    def apply(data frame):
        return data_frame.selectExpr(""mean(column)"")
```
En este ejemplo, creamos una clase `Mean` que extiende a `Method`. La función `apply` devuelve la media de un campo en el conjunto de datos especificado por el parámetro `data_frame`.

Para utilizar esta función, puedes llamarla de la siguiente manera:
```
data = spark.range(10).select(""age"").mean()
print(data)
```
En este ejemplo, llamamos a la función `mean` sobre el campo ""age"" de un conjunto de datos generado con `spark.range(10)`. La función devuelve la media del campo ""age"" en el conjunto de datos.

También puedes utilizar esta función para calcular la media de un campo en una tabla específica, como en este ejemplo:
```
from pyspark.sql import SparkSession

spark = SparkSession.builder.appName(""MyApp"").getOrCreate()
data = spark.table(""my_table"").select(""age"").mean()
print(data)
```
En este ejemplo, creamos una tabla llamada ""my_table"" y luego utilizamos la función `mean` para calcular la media del campo ""age"" en esa tabla.

Espero que esto te ayude a crear una función en PySpark para calcular la media de un campo en un conjunto de datos. ¡Buena suerte!"
